"FreeSWITCH","+15551230000","1002","obd-endpoint","2026-09-28 10:33:24","","2026-09-28 10:33:25","1","0","NO_ROUTE_DESTINATION","be39f119-463b-4fb1-90f8-edf6206fe567","","","PCMU","PCMU"
"FreeSWITCH","+15551230000","1002","obd-endpoint","2026-09-28 10:34:08","","2026-09-28 10:34:08","0","0","NO_ROUTE_DESTINATION","a17d3697-14aa-4719-948f-a1f22224d369","","","PCMU","PCMU"
"+15551230000","+15551230000","1002","obd-endpoint","2026-09-28 10:34:28","","2026-09-28 10:34:28","0","0","NO_ROUTE_DESTINATION","f22302e6-7d20-44d2-b04e-0bd41a405cf7","","","PCMU","PCMU"
"FreeSWITCH","0000000000","1002","obd-endpoint","2026-09-28 10:35:06","","2026-09-28 10:35:06","0","0","NO_ROUTE_DESTINATION","2c89ce7c-a097-432b-8071-60b290b287c0","","","PCMU","PCMU"
"FreeSWITCH","+15551230000","1002","obd-endpoint","2026-09-28 10:36:33","","2026-09-28 10:36:33","0","0","NO_ROUTE_DESTINATION","45f85734-b556-477b-970d-cdf4644faae2","","","PCMU","PCMU"
"FreeSWITCH","+15551230000","1002","obd-endpoint","2026-09-28 10:37:14","","2026-09-28 10:37:14","0","0","NO_ROUTE_DESTINATION","c128a788-88ea-442c-a683-de015024d4fa","","","PCMU","PCMU"
"+15551230000","+15551230000","1002","obd-endpoint","2026-09-28 10:37:25","","2026-09-28 10:37:25","0","0","NO_ROUTE_DESTINATION","c28d7482-8e08-4333-88a7-c05ded76ce5b","","","PCMU","PCMU"
"+15551230000","+15551230000","1002","obd-endpoint","2026-09-28 10:37:36","","2026-09-28 10:37:36","0","0","NO_ROUTE_DESTINATION","f5bbdc9d-724c-4190-b2ef-b6519fa2c002","","","PCMU","PCMU"
"+15551230000","+15551230000","1002","obd-endpoint","2026-09-28 10:37:47","","2026-09-28 10:37:47","0","0","NO_ROUTE_DESTINATION","185fc526-5d6b-42ac-8d6a-e45cdd4b26cc","","","PCMU","PCMU"
"FreeSWITCH","+15551230000","1002","obd-endpoint","2026-09-28 10:40:22","","2026-09-28 10:40:23","1","0","NO_ROUTE_DESTINATION","2b5daac5-a446-48ed-a404-8d75f02761f9","","","PCMU","PCMU"
"FreeSWITCH","+15551230000","1002","obd-endpoint","2026-09-28 10:41:07","","2026-09-28 10:41:07","0","0","NO_ROUTE_DESTINATION","ce4991da-6d5f-4c88-b404-2657ce613940","","","PCMU","PCMU"
"FreeSWITCH","+15551230000","1002","obd-endpoint","2026-09-28 13:40:43","","2026-09-28 13:40:43","0","0","NO_ROUTE_DESTINATION","c35d58d2-89da-4f26-b22f-2d552712e4c4","","","PCMU","PCMU"
"FreeSWITCH","+15551230000","1002","obd-endpoint","2026-09-28 13:42:05","","2026-09-28 13:42:05","0","0","NO_ROUTE_DESTINATION","8939d0c2-79ba-437d-a088-21d909a16b0d","","","PCMU","PCMU"
"FreeSWITCH","+15551230000","1002","obd-endpoint","2026-09-28 13:55:42","","2026-09-28 13:55:42","0","0","NO_ROUTE_DESTINATION","a0565137-10c7-4a7e-8dc5-94a1d6856f8c","","","PCMU","PCMU"
"FreeSWITCH","+15551230000","1002","obd-endpoint","2026-09-28 14:00:25","","2026-09-28 14:00:25","0","0","NO_ROUTE_DESTINATION","efa04d1b-1593-4de6-b18b-6db9e2d498ce","","","PCMU","PCMU"
"FreeSWITCH","+15551230000","1002","obd-endpoint","2026-09-28 14:02:40","2026-09-28 14:02:40","2026-09-28 14:02:41","1","1","DESTINATION_OUT_OF_ORDER","48c28815-6dd4-4877-8fa0-3020d385edc6","","","PCMU","PCMU"
"FreeSWITCH","+15551230000","1002","obd-endpoint","2026-09-28 14:03:13","2026-09-28 14:03:13","2026-09-28 14:03:14","1","1","DESTINATION_OUT_OF_ORDER","b071b10e-67b1-460d-91ea-74889f2ae4dc","","","PCMU","PCMU"
"FreeSWITCH","+15551230000","1002","obd-endpoint","2026-09-28 14:04:02","2026-09-28 14:04:02","2026-09-28 14:04:03","1","1","DESTINATION_OUT_OF_ORDER","90e0515c-c571-4797-b832-d74261abbf97","","","PCMU","PCMU"
"FreeSWITCH","+15551230000","1002","obd-endpoint","2026-09-28 14:04:38","2026-09-28 14:04:38","2026-09-28 14:04:38","0","0","DESTINATION_OUT_OF_ORDER","38a7c3f7-5577-4753-96f7-e3d28e003638","","","PCMU","PCMU"
"FreeSWITCH","+15551230000","1002","obd-endpoint","2026-09-28 14:05:02","2026-09-28 14:05:02","2026-09-28 14:05:03","1","1","DESTINATION_OUT_OF_ORDER","47c58795-dc16-4433-8888-88a29f7b2c41","","","PCMU","PCMU"
"FreeSWITCH","+15551230000","1002","obd-endpoint","2026-09-28 14:05:25","2026-09-28 14:05:25","2026-09-28 14:05:26","1","1","DESTINATION_OUT_OF_ORDER","475515e9-4ed8-40bc-9a90-ab3697064898","","","PCMU","PCMU"
"FreeSWITCH","+15551230000","1002","obd-endpoint","2026-09-28 14:07:37","2026-09-28 14:07:37","2026-09-28 14:07:38","1","1","DESTINATION_OUT_OF_ORDER","dc3fdf2c-e6de-4c32-9766-e2813707db61","","","PCMU","PCMU"
"FreeSWITCH","+15551230000","1002","obd-endpoint","2026-09-28 14:08:30","2026-09-28 14:08:30","2026-09-28 14:08:31","1","1","DESTINATION_OUT_OF_ORDER","8eb247c1-0d83-4719-8de8-99c7bda44611","","","PCMU","PCMU"
"FreeSWITCH","+15551230000","1002","obd-endpoint","2026-09-28 14:09:17","2026-09-28 14:09:17","2026-09-28 14:09:18","1","1","DESTINATION_OUT_OF_ORDER","157bc79d-7f86-47fd-a4c4-d54b2bc05512","","","PCMU","PCMU"
"FreeSWITCH","+15551230000","1002","obd-endpoint","2026-09-28 14:10:07","2026-09-28 14:10:07","2026-09-28 14:10:07","0","0","DESTINATION_OUT_OF_ORDER","95a52cf2-b8ca-46e3-bb25-8cc25681f785","","","PCMU","PCMU"
"FreeSWITCH","+15551230000","1002","obd-endpoint","2026-09-28 14:10:44","2026-09-28 14:10:44","2026-09-28 14:10:45","1","1","DESTINATION_OUT_OF_ORDER","52ad2737-d2ab-46cf-8aeb-2aa070603b8a","","","PCMU","PCMU"
"FreeSWITCH","+15551230000","1002","obd-endpoint","2026-09-28 14:23:31","2026-09-28 14:23:31","2026-09-28 14:23:31","0","0","DESTINATION_OUT_OF_ORDER","5be84acf-3231-4e05-882b-01530ec78aa6","","","PCMU","PCMU"
"FreeSWITCH","+15551230000","1002","obd-endpoint","2026-09-28 14:24:01","2026-09-28 14:24:01","2026-09-28 14:24:02","1","1","DESTINATION_OUT_OF_ORDER","6a9885da-787f-4fb0-ac83-937df02eeeaa","","","PCMU","PCMU"
"FreeSWITCH","+15551230000","1002","obd-endpoint","2026-09-28 14:24:55","2026-09-28 14:24:55","2026-09-28 14:24:55","0","0","NORMAL_CLEARING","663103d1-bf10-4e2a-b11b-64496d19dc4b","","","PCMU","PCMU"
"FreeSWITCH","+15551230000","1002","obd-endpoint","2026-09-28 14:25:15","2026-09-28 14:25:15","2026-09-28 14:25:15","0","0","DESTINATION_OUT_OF_ORDER","aedc6b11-5b2f-4651-b208-d13eb78b1378","","","PCMU","PCMU"
"FreeSWITCH","+15551230000","1002","obd-endpoint","2026-09-28 14:25:48","2026-09-28 14:25:48","2026-09-28 14:25:49","1","1","DESTINATION_OUT_OF_ORDER","cf82206c-c9de-4175-a1e7-7100cd91f404","","","PCMU","PCMU"
"FreeSWITCH","+15551230000","1002","obd-endpoint","2026-09-28 14:27:03","2026-09-28 14:27:03","2026-09-28 14:27:04","1","1","DESTINATION_OUT_OF_ORDER","35d5d44a-5c06-4855-b7e1-85a8e432ac9e","","","PCMU","PCMU"
"FreeSWITCH","+15551230000","1002","obd-endpoint","2026-09-28 14:27:14","2026-09-28 14:27:14","2026-09-28 14:27:14","0","0","DESTINATION_OUT_OF_ORDER","bffb20a0-2777-4b47-b11c-930d9d9f2d46","","","PCMU","PCMU"
"FreeSWITCH","+15551230000","1002","obd-endpoint","2026-09-28 14:27:59","2026-09-28 14:27:59","2026-09-28 14:27:59","0","0","DESTINATION_OUT_OF_ORDER","c2c6390c-d2af-4adc-9be5-2027583b6f6c","","","PCMU","PCMU"
"FreeSWITCH","+15551230000","1002","obd-endpoint","2026-09-28 14:28:07","2026-09-28 14:28:07","2026-09-28 14:28:07","0","0","DESTINATION_OUT_OF_ORDER","03a857de-040b-4894-8a18-358b959b1e0a","","","PCMU","PCMU"
"FreeSWITCH","+15551230000","1002","obd-endpoint","2026-09-28 14:28:35","2026-09-28 14:28:35","2026-09-28 14:28:35","0","0","DESTINATION_OUT_OF_ORDER","35b6cb7e-eb3d-4dda-b862-95995d047d5d","","","PCMU","PCMU"
"FreeSWITCH","+15551230000","1002","obd-endpoint","2026-09-28 14:29:22","2026-09-28 14:29:22","2026-09-28 14:29:23","1","1","DESTINATION_OUT_OF_ORDER","99a8904f-1976-414d-9328-a9036332e981","","","PCMU","PCMU"
"FreeSWITCH","+15551230000","1002","obd-endpoint","2026-09-28 14:32:21","2026-09-28 14:32:21","2026-09-28 14:32:47","26","26","NORMAL_CLEARING","57e900ab-86af-40b5-b5b4-c393d8db6d7c","","","PCMU","PCMU"
"FreeSWITCH","+15551230000","1002","obd-endpoint","2026-09-28 14:32:55","2026-09-28 14:32:55","2026-09-28 14:33:21","26","26","NORMAL_CLEARING","851b14c7-aaa6-4df4-9566-f9e09364612a","","","PCMU","PCMU"
"FreeSWITCH","+15551230000","1002","obd-endpoint","2026-09-28 14:33:44","2026-09-28 14:33:44","2026-09-28 14:34:05","21","21","NORMAL_CLEARING","987e7275-1b88-49b1-b4cf-e99f8c379d98","","","PCMU","PCMU"
"FreeSWITCH","+15551230000","1002","obd-endpoint","2026-09-28 14:50:32","2026-09-28 14:50:32","2026-09-28 14:50:42","10","10","NORMAL_CLEARING","cb979360-b68e-49e7-8ff7-8a70e075fef3","","","PCMU","PCMU"
"FreeSWITCH","+15551230000","1002","obd-endpoint","2026-09-28 15:05:00","2026-09-28 15:05:00","2026-09-28 15:05:11","11","11","NORMAL_CLEARING","ea3ddc77-57d0-4e0c-b85a-bf4f26333858","","","PCMU","PCMU"
